feature,departamento,mean,std
t2m_sep,Arrecifes,13.565333333333333,0.8623552603086961
t2m_sep,Baradero,13.522353535353535,0.8222040836280736
t2m_sep,Belgrano,14.805401960784314,1.0680243719693936
t2m_sep,Capitan Sarmiento,13.439118279569891,0.830754122150191
t2m_sep,Carmen De Areco,12.983813725490196,0.8234586139141852
t2m_sep,Caseros,14.381838383838383,0.994476087365479
t2m_sep,Chacabuco,13.083458333333333,0.9028800940090029
t2m_sep,Colon,13.560171717171716,0.8851381802091539
t2m_sep,General Arenales,13.161745098039216,0.8772594380274509
t2m_sep,General Lopez,13.604151515151516,0.9458559728968496
t2m_sep,General San Martin,14.0198125,1.0219513730461778
t2m_sep,Iriondo,14.421970588235293,0.9813314234982485
t2m_sep,Juarez Celman,13.785823529411765,1.0251065058743016
t2m_sep,Junin,13.20114705882353,0.9017396698958157
t2m_sep,Leandro N. Alem,13.507609523809522,0.9083110214410781
t2m_sep,Marcos Juarez,14.362757575757575,0.9954410812993324
t2m_sep,Pergamino,13.557141414141414,0.9095724080512864
t2m_sep,Ramallo,14.1225,0.8858133010409558
t2m_sep,Rojas,13.55057843137255,0.8983949073136083
t2m_sep,Rosario,14.766010752688171,0.951823106362969
t2m_sep,Salto,13.04019191919192,0.8596623086611741
t2m_sep,San Lorenzo,15.125052083333333,0.9478610824421598
t2m_sep,San Nicolas,14.114929292929293,0.8729466373437906
t2m_sep,San Pedro,14.128333333333334,0.8826371368870597
t2m_sep,Union,13.754731182795698,0.9861155195620577
t2m_sep,Villa Constitucion,14.059959595959596,0.9245183909803758
t2m_oct,Arrecifes,17.1446875,0.9437132276275975
t2m_oct,Baradero,17.069696969696967,0.8991256047648857
t2m_oct,Belgrano,18.75472485768501,1.0287212284934621
t2m_oct,Capitan Sarmiento,17.087013527575444,0.9618588560802793
t2m_oct,Carmen De Areco,16.610123339658443,0.9096286843663071
t2m_oct,Caseros,18.24772238514174,0.9827805430815897
t2m_oct,Chacabuco,16.710594758064516,0.981104789560689
t2m_oct,Colon,17.20450635386119,1.0065495212045708
t2m_oct,General Arenales,16.83258064516129,0.9559137167970951
t2m_oct,General Lopez,17.320987292277614,1.0740741812837353
t2m_oct,General San Martin,18.209959677419356,1.106781558126057
t2m_oct,Iriondo,18.28754269449715,0.9304442539593752
t2m_oct,Juarez Celman,17.73459203036053,1.1088485903618164
t2m_oct,Junin,16.80858633776091,0.98364474432261
t2m_oct,Leandro N. Alem,17.170949308755763,0.9866074767462885
t2m_oct,Marcos Juarez,18.256783968719454,1.0361379186440043
t2m_oct,Pergamino,17.177800586510266,0.9742415552906037
t2m_oct,Ramallo,17.804425403225807,0.9252793796167161
t2m_oct,Rojas,17.172163187855787,0.9887335458646136
t2m_oct,Rosario,18.6294901144641,0.9555769660317064
t2m_oct,Salto,16.56852394916911,0.9238873346728942
t2m_oct,San Lorenzo,19.101673387096774,0.9654800011517317
t2m_oct,San Nicolas,17.78171065493646,0.920007700014322
t2m_oct,San Pedro,17.797953629032257,0.889821012746054
t2m_oct,Union,17.895338189386056,1.1076445521748421
t2m_oct,Villa Constitucion,17.798690127077226,0.9593787348268095
t2m_nov,Arrecifes,20.11828125,1.085616875690522
t2m_nov,Baradero,20.08669696969697,1.0791174582205418
t2m_nov,Belgrano,21.638901960784313,1.1870370251967535
t2m_nov,Capitan Sarmiento,20.271279569892474,1.070374995198634
t2m_nov,Carmen De Areco,19.668901960784314,1.132238745122085
t2m_nov,Caseros,21.09731313131313,1.0275894998172574
t2m_nov,Chacabuco,19.69279166666667,1.0369553715817905
t2m_nov,Colon,20.217868686868687,1.0854148558506773
t2m_nov,General Arenales,19.913901960784315,1.1658704773237154
t2m_nov,General Lopez,20.211343434343434,1.0673566306432523
t2m_nov,General San Martin,20.946010416666667,1.1787506766038733
t2m_nov,Iriondo,21.258676470588235,1.2427308814349207
t2m_nov,Juarez Celman,20.637245098039216,1.150839463215042
t2m_nov,Junin,19.832156862745098,1.1084232871077067
t2m_nov,Leandro N. Alem,20.24726666666667,1.1585820773969187
t2m_nov,Marcos Juarez,21.157636363636364,1.2363575039304977
t2m_nov,Pergamino,20.140131313131313,1.0733206648430482
t2m_nov,Ramallo,20.685458333333333,1.0347990879053528
t2m_nov,Rojas,20.206,1.0336761210516197
t2m_nov,Rosario,21.324397849462365,0.9963750313543247
t2m_nov,Salto,19.560858585858586,1.1024864103165444
t2m_nov,San Lorenzo,21.791072916666668,0.9848181490134836
t2m_nov,San Nicolas,20.738535353535354,1.06316178390017
t2m_nov,San Pedro,20.647072916666666,1.0248150728691239
t2m_nov,Union,20.719774193548385,1.2359231589056152
t2m_nov,Villa Constitucion,20.69859595959596,1.0429988606496647
t2m_dic,Arrecifes,23.289102822580645,1.5261977853475712
t2m_dic,Baradero,23.302140762463345,1.5124750684174695
t2m_dic,Belgrano,24.176261859582542,1.5307881288357712
t2m_dic,Capitan Sarmiento,23.305265348595213,1.5867038948704966
t2m_dic,Carmen De Areco,22.806413662239088,1.5282764871954035
t2m_dic,Caseros,23.903225806451612,1.5504882480148148
t2m_dic,Chacabuco,22.57054435483871,1.444961511196607
t2m_dic,Colon,23.143978494623656,1.5202064160040232
t2m_dic,General Arenales,22.83555028462998,1.4948017533772207
t2m_dic,General Lopez,23.052570869990227,1.4004918269921107
t2m_dic,General San Martin,23.270594758064515,1.2610939834286523
t2m_dic,Iriondo,23.958586337760913,1.5583094246491123
t2m_dic,Juarez Celman,23.289117647058823,1.388584783056895
t2m_dic,Junin,22.728444022770397,1.4662301657021388
t2m_dic,Leandro N. Alem,23.169972350230417,1.5335958194475077
t2m_dic,Marcos Juarez,23.82822091886608,1.4200874624094026
t2m_dic,Pergamino,23.16122189638319,1.514315947378814
t2m_dic,Ramallo,23.74791330645161,1.5026460565467767
t2m_dic,Rojas,23.20568311195446,1.4924250762337956
t2m_dic,Rosario,24.23843912591051,1.4283234366654785
t2m_dic,Salto,22.699042033235582,1.5375876760803038
t2m_dic,San Lorenzo,24.628004032258065,1.404659823043294
t2m_dic,San Nicolas,23.79562072336266,1.5041583382039763
t2m_dic,San Pedro,23.797641129032257,1.4711694606688355
t2m_dic,Union,23.213007284079087,1.1869928495506925
t2m_dic,Villa Constitucion,23.671642228739003,1.5140377378439882
t2m_ene,Arrecifes,24.89929435483871,1.0712348858718796
t2m_ene,Baradero,25.062267839687195,1.1052022108784416
t2m_ene,Belgrano,25.616309297912714,1.0202108034648034
t2m_ene,Capitan Sarmiento,24.880946930280956,1.154834192144357
t2m_ene,Carmen De Areco,24.493823529411763,1.1482985762569238
t2m_ene,Caseros,25.471524926686218,1.1565709387327126
t2m_ene,Chacabuco,24.145745967741934,1.132309720228636
t2m_ene,Colon,24.64019550342131,1.1718716018040054
t2m_ene,General Arenales,24.335,1.2168986528140435
t2m_ene,General Lopez,24.4888954056696,1.2105285984684906
t2m_ene,General San Martin,24.342752016129033,0.8705655678567812
t2m_ene,Iriondo,25.447675521821633,1.119044417870011
t2m_ene,Juarez Celman,24.390834914611006,1.1975307953398102
t2m_ene,Junin,24.228946869070207,1.1300665038332702
t2m_ene,Leandro N. Alem,24.68240552995392,1.2257838840998059
t2m_ene,Marcos Juarez,25.101505376344086,1.0341952263970577
t2m_ene,Pergamino,24.670293255131966,1.1071282151490465
t2m_ene,Ramallo,25.37539314516129,1.095119499889609
t2m_ene,Rojas,24.708235294117646,1.1183667926976477
t2m_ene,Rosario,25.94494276795005,1.1362642674641141
t2m_ene,Salto,24.343479960899316,1.0456580508701108
t2m_ene,San Lorenzo,26.48709677419355,1.2027890227794686
t2m_ene,San Nicolas,25.439726295210164,1.139468252085368
t2m_ene,San Pedro,25.518860887096775,1.1251261223261952
t2m_ene,Union,24.252101977107177,0.9038293370370594
t2m_ene,Villa Constitucion,25.24234604105572,1.1113965820515108
t2m_feb,Arrecifes,23.325055418719213,0.8468000536216672
t2m_feb,Baradero,23.56161889834304,0.923819686225735
t2m_feb,Belgrano,23.946905969284266,1.058447772994004
t2m_feb,Capitan Sarmiento,23.32538256793262,0.864566127712036
t2m_feb,Carmen De Areco,22.78230802665894,0.882973897810982
t2m_feb,Caseros,23.68812434691745,0.8632506759875833
t2m_feb,Chacabuco,22.59366379310345,0.8752570753298683
t2m_feb,Colon,22.90550156739812,0.8872882842783025
t2m_feb,General Arenales,22.705846855983772,0.9389348152373891
t2m_feb,General Lopez,23.073232945215704,1.1064285498480313
t2m_feb,General San Martin,22.901690655788176,0.9211030239040927
t2m_feb,Iriondo,23.722270356418427,0.9606803757996534
t2m_feb,Juarez Celman,22.95799261083744,1.2564564336681503
t2m_feb,Junin,22.680293393219358,0.8994591447163843
t2m_feb,Leandro N. Alem,22.977636171710063,0.9400017494186799
t2m_feb,Marcos Juarez,23.50488916256158,1.0903645272332187
t2m_feb,Pergamino,23.042011494252876,0.8404221085216094
t2m_feb,Ramallo,23.828328201970443,0.8470121572836425
t2m_feb,Rojas,23.084294769631992,0.896669110032098
t2m_feb,Rosario,24.286124662323218,0.8387013528102761
t2m_feb,Salto,22.789870876250184,0.8526126509431743
t2m_feb,San Lorenzo,24.787849060960593,0.8283410136878746
t2m_feb,San Nicolas,23.88677713091506,0.8987475009606317
t2m_feb,San Pedro,24.030578048029557,0.9004158014903442
t2m_feb,Union,22.791911250595902,1.0133479605093816
t2m_feb,Villa Constitucion,23.570329153605016,0.8324659359523279
t2m_mar,Arrecifes,20.927026209677418,1.2987808743151885
t2m_mar,Baradero,21.134144672531768,1.242655075676537
t2m_mar,Belgrano,21.753728652751423,1.3845596182747408
t2m_mar,Capitan Sarmiento,20.907346514047866,1.2893735534424748
t2m_mar,Carmen De Areco,20.427703984819733,1.2190125349380858
t2m_mar,Caseros,21.343812316715542,1.3326047605367917
t2m_mar,Chacabuco,20.183568548387097,1.1898508774295857
t2m_mar,Colon,20.57288367546432,1.3045892464078834
t2m_mar,General Arenales,20.353823529411763,1.2380938976634537
t2m_mar,General Lopez,20.552815249266864,1.2754085679896046
t2m_mar,General San Martin,20.839425403225807,1.231020922674837
t2m_mar,Iriondo,21.48637571157495,1.370399413127949
t2m_mar,Juarez Celman,20.543956356736242,1.1320792714572887
t2m_mar,Junin,20.415075901328272,1.2745723660969681
t2m_mar,Leandro N. Alem,20.598027649769588,1.2850867365652718
t2m_mar,Marcos Juarez,21.298690127077226,1.3568025703861497
t2m_mar,Pergamino,20.699257086999022,1.3031564340088844
t2m_mar,Ramallo,21.46007056451613,1.3076635114257533
t2m_mar,Rojas,20.683956356736243,1.2494760792958233
t2m_mar,Rosario,21.910915712799166,1.321808022677891
t2m_mar,Salto,20.454740957966763,1.2637441466696226
t2m_mar,San Lorenzo,22.43796370967742,1.404311865612755
t2m_mar,San Nicolas,21.451691104594328,1.2879689320865553
t2m_mar,San Pedro,21.631602822580646,1.3041308030193153
t2m_mar,Union,20.660166493236215,1.25047482586463
t2m_mar,Villa Constitucion,21.198944281524927,1.2925713475697682
t2m_max_sep,Arrecifes,20.724843749999998,1.1230653487957731
t2m_max_sep,Baradero,20.38619191919192,1.0145677309898997
t2m_max_sep,Belgrano,22.65006862745098,1.3658425127218479
t2m_max_sep,Capitan Sarmiento,20.671978494623655,1.1647071319545548
t2m_max_sep,Carmen De Areco,20.059166666666666,1.062485201322965
t2m_max_sep,Caseros,21.901161616161616,1.3009401705038703
t2m_max_sep,Chacabuco,20.1643125,1.1125233320818593
t2m_max_sep,Colon,20.817262626262625,1.1841983128470643
t2m_max_sep,General Arenales,19.945872549019608,1.0958316953237548
t2m_max_sep,General Lopez,20.797010101010102,1.2139130010838248
t2m_max_sep,General San Martin,22.450208333333332,1.1899469846026227
t2m_max_sep,Iriondo,21.927068627450982,1.3026108715536044
t2m_max_sep,Juarez Celman,22.026539215686274,1.2320620830664362
t2m_max_sep,Junin,19.959225490196076,1.1010101138707642
t2m_max_sep,Leandro N. Alem,20.77275238095238,1.1904928768466434
t2m_max_sep,Marcos Juarez,22.104747474747477,1.2393460137819081
t2m_max_sep,Pergamino,20.795363636363636,1.1870291913581417
t2m_max_sep,Ramallo,21.310166666666667,1.1605105785245493
t2m_max_sep,Rojas,20.77879411764706,1.1785828304852053
t2m_max_sep,Rosario,21.922817204301076,1.2434999109106866
t2m_max_sep,Salto,20.06640404040404,1.0792104262607134
t2m_max_sep,San Lorenzo,21.96278125,1.223101635230306
t2m_max_sep,San Nicolas,21.32312121212121,1.144655339374956
t2m_max_sep,San Pedro,21.161625,1.136229067059781
t2m_max_sep,Union,22.190290322580644,1.1602310745004891
t2m_max_sep,Villa Constitucion,21.322848484848485,1.2305325182249722
t2m_max_oct,Arrecifes,24.179566532258065,1.3270917093975538
t2m_max_oct,Baradero,23.868533724340175,1.1766384592586803
t2m_max_oct,Belgrano,26.518055028463,1.458230261786988
t2m_max_oct,Capitan Sarmiento,24.148657648283038,1.3485258973083274
t2m_max_oct,Carmen De Areco,23.496631878557874,1.1851064352607554
t2m_max_oct,Caseros,25.685327468230696,1.4503248409886438
t2m_max_oct,Chacabuco,23.547288306451613,1.3237427240589492
t2m_max_oct,Colon,24.309540566959924,1.4312601758184518
t2m_max_oct,General Arenales,23.410493358633776,1.2643009129084228
t2m_max_oct,General Lopez,24.36569892473118,1.521407963322203
t2m_max_oct,General San Martin,26.697308467741934,1.4082504430168983
t2m_max_oct,Iriondo,25.76351043643264,1.399669807507571
t2m_max_oct,Juarez Celman,25.995284629981025,1.519653039361211
t2m_max_oct,Junin,23.356888045540796,1.3002373109608742
t2m_max_oct,Leandro N. Alem,24.28595391705069,1.3995844689407984
t2m_max_oct,Marcos Juarez,25.943695014662755,1.4870658848755312
t2m_max_oct,Pergamino,24.267047898338223,1.383978981801471
t2m_max_oct,Ramallo,25.04530241935484,1.321017705319824
t2m_max_oct,Rojas,24.21764705882353,1.3889779226905086
t2m_max_oct,Rosario,25.75998959417274,1.4439219399745955
t2m_max_oct,Salto,23.4177908113392,1.2228319309412166
t2m_max_oct,San Lorenzo,25.928629032258065,1.402820298554758
t2m_max_oct,San Nicolas,25.05159335288368,1.3007151062346856
t2m_max_oct,San Pedro,24.987157258064517,1.2658917623011472
t2m_max_oct,Union,26.35780437044745,1.501754495754066
t2m_max_oct,Villa Constitucion,24.980527859237537,1.428331899891366
t2m_max_nov,Arrecifes,27.252625000000002,1.5318279280243166
t2m_max_nov,Baradero,27.018454545454546,1.572900465298861
t2m_max_nov,Belgrano,29.31113725490196,1.480076697707003
t2m_max_nov,Capitan Sarmiento,27.438860215053765,1.6521976515565089
t2m_max_nov,Carmen De Areco,26.779441176470588,1.6269970225079555
t2m_max_nov,Caseros,28.463020202020203,1.320956468864391
t2m_max_nov,Chacabuco,26.67921875,1.4186346371631287
t2m_max_nov,Colon,27.369626262626262,1.4324682703427396
t2m_max_nov,General Arenales,26.56672549019608,1.516909352257716
t2m_max_nov,General Lopez,27.243222222222222,1.40795575724234
t2m_max_nov,General San Martin,29.351010416666668,1.4044182522055657
t2m_max_nov,Iriondo,28.694254901960782,1.5210935572224766
t2m_max_nov,Juarez Celman,28.956186274509804,1.4830050736344194
t2m_max_nov,Junin,26.449127450980395,1.4114086690521137
t2m_max_nov,Leandro N. Alem,27.424219047619047,1.583446658365212
t2m_max_nov,Marcos Juarez,28.819838383838384,1.5171161493320056
t2m_max_nov,Pergamino,27.30251515151515,1.4508734320777574
t2m_max_nov,Ramallo,27.994927083333334,1.3781305105791202
t2m_max_nov,Rojas,27.39529411764706,1.4308560875212688
t2m_max_nov,Rosario,28.42920430107527,1.2704140377216173
t2m_max_nov,Salto,26.59887878787879,1.5442064683172807
t2m_max_nov,San Lorenzo,28.548770833333332,1.2766068276425253
t2m_max_nov,San Nicolas,28.094040404040406,1.4710765444752991
t2m_max_nov,San Pedro,27.927510416666667,1.441831394614958
t2m_max_nov,Union,29.15143010752688,1.496970058815221
t2m_max_nov,Villa Constitucion,27.860060606060607,1.38506953910501
t2m_max_dic,Arrecifes,30.558306451612903,2.1106997685141957
t2m_max_dic,Baradero,30.485004887585532,2.1247780751491003
t2m_max_dic,Belgrano,31.532751423149904,1.9866051226129533
t2m_max_dic,Capitan Sarmiento,30.569510926118625,2.1937714922450517
t2m_max_dic,Carmen De Areco,30.04226755218216,2.1029747592066212
t2m_max_dic,Caseros,31.126764418377324,2.01855785069381
t2m_max_dic,Chacabuco,29.433870967741935,1.8752275092746467
t2m_max_dic,Colon,30.138533724340178,2.0148117617521177
t2m_max_dic,General Arenales,29.346641366223906,1.8876099311773005
t2m_max_dic,General Lopez,29.83950146627566,1.753880731480409
t2m_max_dic,General San Martin,31.53665322580645,1.6448283349390038
t2m_max_dic,Iriondo,31.21465844402277,2.0341670085953454
t2m_max_dic,Juarez Celman,31.578130929791275,1.7816147638868096
t2m_max_dic,Junin,29.18319734345351,1.8643507308206284
t2m_max_dic,Leandro N. Alem,30.195981566820272,2.0268990444627497
t2m_max_dic,Marcos Juarez,31.202375366568916,1.7817468045310016
t2m_max_dic,Pergamino,30.308142717497557,2.0312242698767435
t2m_max_dic,Ramallo,31.22951612903226,1.9950431861554325
t2m_max_dic,Rojas,30.332960151802656,2.0038053343409548
t2m_max_dic,Rosario,31.30515088449532,1.7951469967914289
t2m_max_dic,Salto,29.878690127077224,2.140488461890213
t2m_max_dic,San Lorenzo,31.28765120967742,1.7471729587782974
t2m_max_dic,San Nicolas,31.3086412512219,2.015545100530751
t2m_max_dic,San Pedro,31.416260080645163,2.009008101060918
t2m_max_dic,Union,31.557044745057233,1.5072904921732468
t2m_max_dic,Villa Constitucion,30.822932551319646,1.99734960533036
t2m_max_ene,Arrecifes,32.123699596774195,1.5430881035986217
t2m_max_ene,Baradero,32.19964809384164,1.5702582031071566
t2m_max_ene,Belgrano,33.01241935483871,1.3551805421071852
t2m_max_ene,Capitan Sarmiento,32.152861602497396,1.631011227944535
t2m_max_ene,Carmen De Areco,31.69725806451613,1.6018843105448708
t2m_max_ene,Caseros,32.68574780058651,1.6068178152826758
t2m_max_ene,Chacabuco,30.925685483870968,1.5787064471232286
t2m_max_ene,Colon,31.56069403714565,1.6281746447433696
t2m_max_ene,General Arenales,30.69889943074004,1.6623731689420362
t2m_max_ene,General Lopez,31.196559139784945,1.6608223614060522
t2m_max_ene,General San Martin,32.586290322580645,1.086386871156997
t2m_max_ene,Iriondo,32.68355787476281,1.575456799846549
t2m_max_ene,Juarez Celman,32.68352941176471,1.5736582606346543
t2m_max_ene,Junin,30.543776091081593,1.5451039086548264
t2m_max_ene,Leandro N. Alem,31.640387096774194,1.685514840967297
t2m_max_ene,Marcos Juarez,32.46720430107527,1.3164843459805857
t2m_max_ene,Pergamino,31.739648093841645,1.5780995164407594
t2m_max_ene,Ramallo,32.800957661290326,1.508148666283645
t2m_max_ene,Rojas,31.8157779886148,1.577600869457124
t2m_max_ene,Rosario,33.0415296566077,1.5141601216072595
t2m_max_ene,Salto,31.505865102639298,1.5227115372561324
t2m_max_ene,San Lorenzo,33.16333669354839,1.5777899792278272
t2m_max_ene,San Nicolas,32.878396871945256,1.5496223157826534
t2m_max_ene,San Pedro,33.093084677419355,1.5631690928858508
t2m_max_ene,Union,32.588002081165456,1.1562020678836318
t2m_max_ene,Villa Constitucion,32.360957966764424,1.5523627335397951
t2m_max_feb,Arrecifes,29.998173106527094,1.3656532328488584
t2m_max_feb,Baradero,30.182400358262427,1.4536319905486386
t2m_max_feb,Belgrano,30.7942480440452,1.6500190624463982
t2m_max_feb,Capitan Sarmiento,30.057610837438425,1.4820581870985643
t2m_max_feb,Carmen De Areco,29.430572660098523,1.3436500044935178
t2m_max_feb,Caseros,30.27953537841469,1.4015480585862843
t2m_max_feb,Chacabuco,28.914215286330048,1.24935685109841
t2m_max_feb,Colon,29.36519181967458,1.3144468402941025
t2m_max_feb,General Arenales,28.722954940596928,1.2540909844543844
t2m_max_feb,General Lopez,29.465220182116735,1.5430562478184353
t2m_max_feb,General San Martin,30.658001077586206,1.2570959806946185
t2m_max_feb,Iriondo,30.381669443639527,1.5661083421479722
t2m_max_feb,Juarez Celman,30.841544479860914,1.7090985177368125
t2m_max_feb,Junin,28.67703491741524,1.1843787927178369
t2m_max_feb,Leandro N. Alem,29.489833919774803,1.4044807805937707
t2m_max_feb,Marcos Juarez,30.35917711598746,1.5717382420677986
t2m_max_feb,Pergamino,29.58690961337513,1.3378357501861482
t2m_max_feb,Ramallo,30.69695889778325,1.3145458886565873
t2m_max_feb,Rojas,29.654132860040566,1.4138676191628305
t2m_max_feb,Rosario,30.84261600190688,1.3086663782646473
t2m_max_feb,Salto,29.398857665323185,1.3028283333934851
t2m_max_feb,San Lorenzo,31.00033405172414,1.3275570105563652
t2m_max_feb,San Nicolas,30.80113113897597,1.4255318903919432
t2m_max_feb,San Pedro,31.039822198275864,1.4106984037995265
t2m_max_feb,Union,30.63645558557127,1.3719183745929535
t2m_max_feb,Villa Constitucion,30.113424018510223,1.3401931290757187
t2m_max_mar,Arrecifes,27.62282258064516,1.7901019447625728
t2m_max_mar,Baradero,27.72133919843597,1.7107236853400154
t2m_max_mar,Belgrano,28.663311195445917,1.9392630720532351
t2m_max_mar,Capitan Sarmiento,27.665005202913633,1.8090172312181099
t2m_max_mar,Carmen De Areco,27.113624288425047,1.7456341621494131
t2m_max_mar,Caseros,27.956930596285435,1.8073766768831199
t2m_max_mar,Chacabuco,26.601381048387097,1.5790767032556376
t2m_max_mar,Colon,27.072678396871943,1.7389638528471965
t2m_max_mar,General Arenales,26.448244781783682,1.576901468000747
t2m_max_mar,General Lopez,26.921730205278593,1.7021664285040883
t2m_max_mar,General San Martin,28.418316532258064,1.475427224174824
t2m_max_mar,Iriondo,28.186309297912715,1.9411570410541468
t2m_max_mar,Juarez Celman,28.097703984819734,1.3511015738414076
t2m_max_mar,Junin,26.507343453510437,1.606961827331572
t2m_max_mar,Leandro N. Alem,27.129400921658984,1.7290575208137329
t2m_max_mar,Marcos Juarez,28.171622678396872,1.8035163499500788
t2m_max_mar,Pergamino,27.27091886608016,1.7876850251729028
t2m_max_mar,Ramallo,28.304858870967742,1.760769044878258
t2m_max_mar,Rojas,27.324070208728653,1.7885960465071018
t2m_max_mar,Rosario,28.410593132154006,1.7361932676863618
t2m_max_mar,Salto,27.111847507331376,1.7670188752437794
t2m_max_mar,San Lorenzo,28.62092741935484,1.8428339013476212
t2m_max_mar,San Nicolas,28.297634408602153,1.733535514561576
t2m_max_mar,San Pedro,28.58929435483871,1.7873111635200871
t2m_max_mar,Union,28.256618106139438,1.4776186391185668
t2m_max_mar,Villa Constitucion,27.73648093841642,1.7575033829334745
t2m_min_sep,Arrecifes,7.320854166666667,1.0015697032756696
t2m_min_sep,Baradero,7.50240404040404,0.9790654974599492
t2m_min_sep,Belgrano,8.065058823529412,1.1395951536752231
t2m_min_sep,Capitan Sarmiento,7.14889247311828,0.8905843873634501
t2m_min_sep,Carmen De Areco,6.846627450980392,0.9721266519192635
t2m_min_sep,Caseros,7.908080808080809,1.0768106006419524
t2m_min_sep,Chacabuco,6.930802083333333,1.0228444591052939
t2m_min_sep,Colon,7.296777777777778,1.0128790876981797
t2m_min_sep,General Arenales,7.16021568627451,0.963545832640221
t2m_min_sep,General Lopez,7.348282828282828,1.0345657439812748
t2m_min_sep,General San Martin,7.028104166666666,1.1654463800557047
t2m_min_sep,Iriondo,7.942294117647059,1.0627742862907028
t2m_min_sep,Juarez Celman,6.90193137254902,1.1886460927745033
t2m_min_sep,Junin,7.2148627450980385,0.9923963722801463
t2m_min_sep,Leandro N. Alem,7.2332,1.0283928326766256
t2m_min_sep,Marcos Juarez,7.719272727272727,1.0706676767278906
t2m_min_sep,Pergamino,7.305131313131313,1.0139764473054764
t2m_min_sep,Ramallo,7.92821875,0.9942090446379794
t2m_min_sep,Rojas,7.300166666666667,1.0168722469743514
t2m_min_sep,Rosario,8.511913978494624,1.0318633234491716
t2m_min_sep,Salto,6.936919191919191,0.9925814094456457
t2m_min_sep,San Lorenzo,9.070552083333334,1.0168369313071155
t2m_min_sep,San Nicolas,7.906656565656566,0.9863595330136993
t2m_min_sep,San Pedro,8.09475,1.006715106005417
t2m_min_sep,Union,6.76536559139785,1.117992898522595
t2m_min_sep,Villa Constitucion,7.757252525252525,1.0195693536376542
t2m_min_oct,Arrecifes,10.485806451612904,1.0676371773024909
t2m_min_oct,Baradero,10.602463343108504,1.1063806546952586
t2m_min_oct,Belgrano,11.596878557874764,1.1220047194022749
t2m_min_oct,Capitan Sarmiento,10.438720083246618,1.078029379438959
t2m_min_oct,Carmen De Areco,10.078187855787476,1.047633602492973
t2m_min_oct,Caseros,11.341739980449658,1.074581610191967
t2m_min_oct,Chacabuco,10.203971774193548,0.9909699180703513
t2m_min_oct,Colon,10.508670576735094,1.0222204729673734
t2m_min_oct,General Arenales,10.459696394686906,0.9793804030279485
t2m_min_oct,General Lopez,10.641935483870968,0.9895441244035149
t2m_min_oct,General San Martin,10.726925403225806,1.1517151147649436
t2m_min_oct,Iriondo,11.333937381404175,1.0570794587826657
t2m_min_oct,Juarez Celman,10.455578747628083,1.0569537315081772
t2m_min_oct,Junin,10.46319734345351,0.97503197938073
t2m_min_oct,Leandro N. Alem,10.476082949308756,1.0177568484304735
t2m_min_oct,Marcos Juarez,11.191925708699902,1.0517945169122942
t2m_min_oct,Pergamino,10.506559139784947,1.0264736166903465
t2m_min_oct,Ramallo,11.149274193548386,1.0777781683951524
t2m_min_oct,Rojas,10.544734345351044,1.01698986243197
t2m_min_oct,Rosario,11.983954214360041,1.0006284704546637
t2m_min_oct,Salto,10.056627565982405,1.0224727482346918
t2m_min_oct,San Lorenzo,12.62125,1.0589520425169616
t2m_min_oct,San Nicolas,11.100351906158357,1.0974003263852228
t2m_min_oct,San Pedro,11.229254032258066,1.0983854157581179
t2m_min_oct,Union,10.46146722164412,1.113858448835571
t2m_min_oct,Villa Constitucion,11.066314760508309,1.040040547011052
t2m_min_nov,Arrecifes,13.058770833333334,1.0008264199397727
t2m_min_nov,Baradero,13.206626262626262,0.9727435133481706
t2m_min_nov,Belgrano,14.332205882352941,1.1059099670940151
t2m_min_nov,Capitan Sarmiento,13.194645161290323,0.8533178902052418
t2m_min_nov,Carmen De Areco,12.6,0.9695408229710636
t2m_min_nov,Caseros,13.992151515151514,1.0035979755184077
t2m_min_nov,Chacabuco,12.68084375,0.9407792201715719
t2m_min_nov,Colon,13.171434343434344,0.9889108574196969
t2m_min_nov,General Arenales,13.155186274509804,1.019323024804606
t2m_min_nov,General Lopez,13.23289898989899,0.9925663372906415
t2m_min_nov,General San Martin,13.3738125,1.0598053312065214
t2m_min_nov,Iriondo,14.090303921568628,1.1847594660414107
t2m_min_nov,Juarez Celman,13.040803921568628,0.9757958993333966
t2m_min_nov,Junin,13.106872549019608,1.0018715013161792
t2m_min_nov,Leandro N. Alem,13.173857142857145,0.9966989610012033
t2m_min_nov,Marcos Juarez,13.885222222222222,1.1324251927300228
t2m_min_nov,Pergamino,13.092181818181817,0.9790788545408848
t2m_min_nov,Ramallo,13.685625,0.9744090783502203
t2m_min_nov,Rojas,13.124754901960785,0.9315499206187895
t2m_min_nov,Rosario,14.449408602150537,0.9793210751433018
t2m_min_nov,Salto,12.549636363636363,0.9788699173154994
t2m_min_nov,San Lorenzo,15.128979166666667,0.9479168858560542
t2m_min_nov,San Nicolas,13.702919191919191,0.964194979526325
t2m_min_nov,San Pedro,13.69828125,0.9517689966616231
t2m_min_nov,Union,13.104494623655913,1.0786772004394594
t2m_min_nov,Villa Constitucion,13.682080808080809,0.9788762229887191
t2m_min_dic,Arrecifes,15.916854838709677,1.3321245835679758
t2m_min_dic,Baradero,16.066823069403714,1.313559128983415
t2m_min_dic,Belgrano,16.894146110056926,1.348805215478221
t2m_min_dic,Capitan Sarmiento,15.922258064516129,1.3732671899114424
t2m_min_dic,Carmen De Areco,15.402277039848196,1.3278257934990865
t2m_min_dic,Caseros,16.681700879765398,1.3633265573522135
t2m_min_dic,Chacabuco,15.433185483870968,1.330141848494075
t2m_min_dic,Colon,16.000332355816226,1.329385142639897
t2m_min_dic,General Arenales,15.994079696394685,1.3370439881295526
t2m_min_dic,General Lopez,16.090664711632453,1.333465856733146
t2m_min_dic,General San Martin,15.770372983870967,1.262800233444956
t2m_min_dic,Iriondo,16.704800759013285,1.3497640561879043
t2m_min_dic,Juarez Celman,15.68032258064516,1.3217617353651605
t2m_min_dic,Junin,15.94134724857685,1.3123153529542821
t2m_min_dic,Leandro N. Alem,15.994875576036865,1.3413215524999988
t2m_min_dic,Marcos Juarez,16.606060606060606,1.2974976886551286
t2m_min_dic,Pergamino,15.863391984359726,1.324559726297858
t2m_min_dic,Ramallo,16.413145161290323,1.317826456875388
t2m_min_dic,Rojas,15.927457305502845,1.3213177332618535
t2m_min_dic,Rosario,17.160593132154006,1.287740774820016
t2m_min_dic,Salto,15.335454545454546,1.3177237466754046
t2m_min_dic,San Lorenzo,17.81704637096774,1.2868321289096691
t2m_min_dic,San Nicolas,16.44034213098729,1.3064474809258484
t2m_min_dic,San Pedro,16.447217741935486,1.2952311649284307
t2m_min_dic,Union,15.650686784599376,1.2463766193905466
t2m_min_dic,Villa Constitucion,16.427135874877813,1.3261465004165116
t2m_min_ene,Arrecifes,17.718881048387097,0.9662179154212903
t2m_min_ene,Baradero,18.02659824046921,0.9786060482531299
t2m_min_ene,Belgrano,18.48564516129032,0.9187255524963713
t2m_min_ene,Capitan Sarmiento,17.661134235171698,1.0320591672324422
t2m_min_ene,Carmen De Areco,17.28089184060721,1.0393911599009253
t2m_min_ene,Caseros,18.398875855327468,0.9969197099949709
t2m_min_ene,Chacabuco,17.209778225806453,1.0094578306510094
t2m_min_ene,Colon,17.69932551319648,0.982556764940114
t2m_min_ene,General Arenales,17.72030360531309,1.0133553135623712
t2m_min_ene,General Lopez,17.732590420332354,0.9883304325963823
t2m_min_ene,General San Martin,17.121219758064516,0.967474273544241
t2m_min_ene,Iriondo,18.342903225806452,0.9450252455144267
t2m_min_ene,Juarez Celman,16.996755218216318,1.0530814157540629
t2m_min_ene,Junin,17.65636622390892,0.9611665088142054
t2m_min_ene,Leandro N. Alem,17.710488479262672,1.0220620632135526
t2m_min_ene,Marcos Juarez,18.05232649071359,0.9819397848846325
t2m_min_ene,Pergamino,17.586001955034213,0.9769751563686317
t2m_min_ene,Ramallo,18.22530241935484,0.9856103521958417
t2m_min_ene,Rojas,17.599421252371915,0.9940468934463469
t2m_min_ene,Rosario,18.97811654526535,1.0348736657034625
t2m_min_ene,Salto,17.168514173998044,0.9567630556261263
t2m_min_ene,San Lorenzo,19.78797379032258,1.0815211577827781
t2m_min_ene,San Nicolas,18.270879765395897,1.0047991671164043
t2m_min_ene,San Pedro,18.337701612903224,0.9808383509182688
t2m_min_ene,Union,16.915088449531737,0.9863254724644241
t2m_min_ene,Villa Constitucion,18.175395894428153,0.990634096720042
t2m_min_feb,Arrecifes,16.98223252770936,0.9450543106122082
t2m_min_feb,Baradero,17.35095723242275,0.9946927849303356
t2m_min_feb,Belgrano,17.503583743842366,0.978021455170379
t2m_min_feb,Capitan Sarmiento,16.940478706499288,0.8885245895647195
t2m_min_feb,Carmen De Areco,16.410618661257605,1.000783349003432
t2m_min_feb,Caseros,17.41188460964323,0.9586322927135826
t2m_min_feb,Chacabuco,16.347494612068967,0.9819587684110045
t2m_min_feb,Colon,16.641120316465145,0.9594080935481404
t2m_min_feb,General Arenales,16.652971602434075,0.9962294409406514
t2m_min_feb,General Lopez,16.796498357963877,1.0156503206591827
t2m_min_feb,General San Martin,16.33028055726601,1.0522573923843683
t2m_min_feb,Iriondo,17.39317407997682,0.948939240481808
t2m_min_feb,Juarez Celman,16.15453455520139,1.1916682980176827
t2m_min_feb,Junin,16.62764343668502,0.9669138800164143
t2m_min_feb,Leandro N. Alem,16.67212772695285,0.967593915316201
t2m_min_feb,Marcos Juarez,17.10514778325123,1.0420923330519452
t2m_min_feb,Pergamino,16.739617107030902,0.9332957895669918
t2m_min_feb,Ramallo,17.525245535714287,0.9710666842791451
t2m_min_feb,Rojas,16.74458635178209,0.9484492533695814
t2m_min_feb,Rosario,18.1117209597966,0.9755863966866288
t2m_min_feb,Salto,16.443320271682342,0.9701868877491546
t2m_min_feb,San Lorenzo,18.7754779864532,0.9578740352888864
t2m_min_feb,San Nicolas,17.556450216450216,0.9724380886823459
t2m_min_feb,San Pedro,17.719316502463055,1.0021621037521273
t2m_min_feb,Union,16.10652431272843,1.0793083947426252
t2m_min_feb,Villa Constitucion,17.32215853112405,0.9362805739652525
t2m_min_mar,Arrecifes,14.851451612903226,1.3613863906211539
t2m_min_mar,Baradero,15.192414467253178,1.3216567709489435
t2m_min_mar,Belgrano,15.604307400379506,1.3966715095763802
t2m_min_mar,Capitan Sarmiento,14.771186264308012,1.346688165141353
t2m_min_mar,Carmen De Areco,14.365759013282732,1.2334828174032317
t2m_min_mar,Caseros,15.342658846529815,1.3728215526956435
t2m_min_mar,Chacabuco,14.238084677419355,1.260964053538164
t2m_min_mar,Colon,14.610860215053764,1.3229489521270639
t2m_min_mar,General Arenales,14.6057779886148,1.2256203654803997
t2m_min_mar,General Lopez,14.660723362658846,1.317478558861086
t2m_min_mar,General San Martin,14.69555443548387,1.4081920389153146
t2m_min_mar,Iriondo,15.408757115749525,1.3594158060455848
t2m_min_mar,Juarez Celman,14.364212523719164,1.2685900171239468
t2m_min_mar,Junin,14.667153700189754,1.2635216216876393
t2m_min_mar,Leandro N. Alem,14.617861751152073,1.289521378592199
t2m_min_mar,Marcos Juarez,15.213304007820138,1.3963805506510834
t2m_min_mar,Pergamino,14.680205278592375,1.3365973955057957
t2m_min_mar,Ramallo,15.419576612903226,1.3731144396315975
t2m_min_mar,Rojas,14.59737191650854,1.2868168066886219
t2m_min_mar,Rosario,16.03120707596254,1.3617217936394268
t2m_min_mar,Salto,14.419090909090908,1.3028187579304773
t2m_min_mar,San Lorenzo,16.710332661290323,1.4015371529456784
t2m_min_mar,San Nicolas,15.404457478005867,1.3542771408526821
t2m_min_mar,San Pedro,15.614657258064517,1.352221012952208
t2m_min_mar,Union,14.50105098855359,1.4128866915312364
t2m_min_mar,Villa Constitucion,15.210899315738025,1.3395434217704087
rh2m_sep,Arrecifes,71.87909375,5.413494963709695
rh2m_sep,Baradero,74.28738383838383,4.932784393108753
rh2m_sep,Belgrano,65.3329411764706,7.518835482972346
rh2m_sep,Capitan Sarmiento,71.48155913978495,5.378670953413082
rh2m_sep,Carmen De Areco,72.13939215686275,5.260075670277096
rh2m_sep,Caseros,67.99661616161616,6.278263234677033
rh2m_sep,Chacabuco,70.86865625,5.736859046266855
rh2m_sep,Colon,68.37823232323233,6.372805823643697
rh2m_sep,General Arenales,69.29917647058824,6.319471258854134
rh2m_sep,General Lopez,67.5489898989899,6.535726846578674
rh2m_sep,General San Martin,65.43428125,6.809356967893244
rh2m_sep,Iriondo,67.92414705882352,6.894776551727917
rh2m_sep,Juarez Celman,65.29927450980392,6.874956264064419
rh2m_sep,Junin,69.52583333333332,6.307560894624319
rh2m_sep,Leandro N. Alem,68.4432380952381,6.333320988930918
rh2m_sep,Marcos Juarez,65.44326262626262,6.904087106138639
rh2m_sep,Pergamino,69.93642424242424,5.808676538325573
rh2m_sep,Ramallo,71.99975,5.525184884433141
rh2m_sep,Rojas,69.98473529411766,6.110396625512413
rh2m_sep,Rosario,69.54769892473118,5.54945270331518
rh2m_sep,Salto,72.57998989898991,5.179871174586437
rh2m_sep,San Lorenzo,69.12579166666667,5.798131495929183
rh2m_sep,San Nicolas,71.86421212121213,5.493624070619771
rh2m_sep,San Pedro,73.52012500000001,5.383168810529009
rh2m_sep,Union,65.71972043010753,6.554927164098986
rh2m_sep,Villa Constitucion,69.67851515151516,5.821051006482912
rh2m_oct,Arrecifes,70.66265120967742,5.708280700511743
rh2m_oct,Baradero,72.52399804496578,5.312000014997671
rh2m_oct,Belgrano,64.21366223908919,6.875434071662412
rh2m_oct,Capitan Sarmiento,70.5305098855359,5.9671900685104795
rh2m_oct,Carmen De Areco,71.31728652751424,5.61541445610877
rh2m_oct,Caseros,66.73134897360704,6.613847806975168
rh2m_oct,Chacabuco,70.49602822580646,5.919347558276662
rh2m_oct,Colon,67.801045943304,6.496070181022
rh2m_oct,General Arenales,68.74481973434536,6.669847019414458
rh2m_oct,General Lopez,66.49700879765396,7.0907688737594965
rh2m_oct,General San Martin,63.529717741935485,6.663402688935883
rh2m_oct,Iriondo,66.50018026565465,6.623144787627765
rh2m_oct,Juarez Celman,63.79372865275142,7.232096414076482
rh2m_oct,Junin,69.11481973434536,6.4313901227095345
rh2m_oct,Leandro N. Alem,67.76042396313363,6.685567724824588
rh2m_oct,Marcos Juarez,64.31092864125122,6.972539570553867
rh2m_oct,Pergamino,69.0909090909091,6.190790792597634
rh2m_oct,Ramallo,70.11344758064516,5.703751393892254
rh2m_oct,Rojas,69.33609108159393,5.989840381455811
rh2m_oct,Rosario,68.00031217481789,6.228934734976526
rh2m_oct,Salto,71.69159335288369,5.464819893713762
rh2m_oct,San Lorenzo,67.47561491935484,6.49533360634473
rh2m_oct,San Nicolas,69.82205278592374,5.858173022399384
rh2m_oct,San Pedro,71.0980745967742,5.625253140173934
rh2m_oct,Union,64.0755775234131,6.946163830569129
rh2m_oct,Villa Constitucion,68.48714565004889,6.195805407765189
rh2m_nov,Arrecifes,66.43610416666667,5.544922016404808
rh2m_nov,Baradero,68.03392929292929,5.583192187119885
rh2m_nov,Belgrano,60.832549019607846,5.422745798874196
rh2m_nov,Capitan Sarmiento,66.12775268817205,6.151214694235266
rh2m_nov,Carmen De Areco,66.47392156862745,5.915970149959425
rh2m_nov,Caseros,63.22237373737373,4.941675084842168
rh2m_nov,Chacabuco,65.706,6.071328432811728
rh2m_nov,Colon,63.66361616161616,5.955974583303126
rh2m_nov,General Arenales,64.21714705882353,6.7975262004446755
rh2m_nov,General Lopez,62.77549494949495,5.980045233432378
rh2m_nov,General San Martin,62.52432291666666,5.863832319652931
rh2m_nov,Iriondo,62.43021568627451,5.592651028611326
rh2m_nov,Juarez Celman,61.85325490196078,6.394523910936151
rh2m_nov,Junin,64.70939215686275,6.383642344220621
rh2m_nov,Leandro N. Alem,63.45077142857143,6.4465410996000685
rh2m_nov,Marcos Juarez,61.0600202020202,5.607404114414878
rh2m_nov,Pergamino,64.94746464646465,5.604002702644405
rh2m_nov,Ramallo,66.25836458333333,5.290205402411972
rh2m_nov,Rojas,64.60496078431372,5.687939204051668
rh2m_nov,Rosario,64.353311827957,4.983306708911029
rh2m_nov,Salto,67.1100101010101,5.573951545959147
rh2m_nov,San Lorenzo,63.9080625,4.721917774873918
rh2m_nov,San Nicolas,65.89460606060607,5.610549958470196
rh2m_nov,San Pedro,67.00136458333333,5.538938999081963
rh2m_nov,Union,62.70731182795699,6.087145983887007
rh2m_nov,Villa Constitucion,64.62923232323232,5.1902948940017195
rh2m_dic,Arrecifes,61.14190524193548,7.750721473285292
rh2m_dic,Baradero,62.41531769305963,7.35162341562877
rh2m_dic,Belgrano,59.77255218216319,7.345109881143267
rh2m_dic,Capitan Sarmiento,61.168876170655565,7.997769421026343
rh2m_dic,Carmen De Areco,61.360218216318785,7.591646814578639
rh2m_dic,Caseros,60.47873900293255,7.372500824087325
rh2m_dic,Chacabuco,61.874415322580646,8.277705067499209
rh2m_dic,Colon,60.18399804496578,8.424184250155216
rh2m_dic,General Arenales,60.42600569259963,8.545483901415642
rh2m_dic,General Lopez,60.00510263929619,7.861888041765798
rh2m_dic,General San Martin,63.745131048387094,5.937641494323976
rh2m_dic,Iriondo,60.05773244781784,7.435957975603976
rh2m_dic,Juarez Celman,61.204857685009486,7.101943550043611
rh2m_dic,Junin,61.19376660341556,8.580359699394881
rh2m_dic,Leandro N. Alem,59.95488479262672,8.46423686168024
rh2m_dic,Marcos Juarez,60.231358748778106,6.8658414788562805
rh2m_dic,Pergamino,60.54490713587488,7.966051419181498
rh2m_dic,Ramallo,61.481431451612906,7.355989439315071
rh2m_dic,Rojas,60.69027514231499,7.89176444055012
rh2m_dic,Rosario,61.18977107180021,6.500130691710782
rh2m_dic,Salto,61.86405669599218,7.819308934223914
rh2m_dic,San Lorenzo,60.97058467741935,6.594516662958884
rh2m_dic,San Nicolas,61.23312805474096,7.379310674055205
rh2m_dic,San Pedro,61.512036290322584,7.376032851423096
rh2m_dic,Union,63.39726326742976,5.938065551718287
rh2m_dic,Villa Constitucion,60.652649071358745,7.372667614199352
rh2m_ene,Arrecifes,61.17911290322581,6.125794867653116
rh2m_ene,Baradero,61.69720430107527,6.070917214589253
rh2m_ene,Belgrano,58.88162239089184,6.658320717052966
rh2m_ene,Capitan Sarmiento,60.78686784599376,6.465047701618896
rh2m_ene,Carmen De Areco,61.13195445920304,6.279726656277765
rh2m_ene,Caseros,59.814692082111435,6.6232971080691145
rh2m_ene,Chacabuco,61.79993951612903,6.5686316702684415
rh2m_ene,Colon,60.35919843597264,6.9928382598532774
rh2m_ene,General Arenales,60.56929791271347,7.5850934767845715
rh2m_ene,General Lopez,60.129413489736066,7.435866362553131
rh2m_ene,General San Martin,65.17503024193549,4.87701864442204
rh2m_ene,Iriondo,59.35462049335863,6.833890520464975
rh2m_ene,Juarez Celman,62.84629032258064,6.799951761237748
rh2m_ene,Junin,61.19643263757115,7.258281385677628
rh2m_ene,Leandro N. Alem,59.93698617511521,7.158107339598269
rh2m_ene,Marcos Juarez,59.94086021505376,6.232483120073801
rh2m_ene,Pergamino,60.78956989247312,6.474417478320049
rh2m_ene,Ramallo,61.22642137096774,6.145611843591278
rh2m_ene,Rojas,60.47462998102466,6.318078359805533
rh2m_ene,Rosario,59.90586888657648,6.122698885869684
rh2m_ene,Salto,61.677331378299115,6.055667707994795
rh2m_ene,San Lorenzo,58.90430443548387,6.516352262075764
rh2m_ene,San Nicolas,60.91602150537634,6.306168759985243
rh2m_ene,San Pedro,60.79126008064516,6.310923676240979
rh2m_ene,Union,64.9580437044745,5.080898021313394
rh2m_ene,Villa Constitucion,60.43117302052786,6.174352891530456
rh2m_feb,Arrecifes,67.42552070504927,6.800844188828235
rh2m_feb,Baradero,67.83137221973428,6.576103557689399
rh2m_feb,Belgrano,65.4599688496088,7.864719167419642
rh2m_feb,Capitan Sarmiento,67.0690040521214,7.135818515034413
rh2m_feb,Carmen De Areco,67.6843338887279,6.401237273727337
rh2m_feb,Caseros,67.034855202269,6.92206008771523
rh2m_feb,Chacabuco,67.71085975985221,6.784887174412987
rh2m_feb,Colon,66.62340498581878,7.311693440494985
rh2m_feb,General Arenales,66.33959576934222,7.129829028618854
rh2m_feb,General Lopez,64.89789558143006,7.919351733446161
rh2m_feb,General San Martin,70.32397629310344,5.073603418331205
rh2m_feb,Iriondo,66.29346892205159,7.724964189311597
rh2m_feb,Juarez Celman,67.60592835410026,6.264383699498222
rh2m_feb,Junin,66.39032635467981,7.085612121688426
rh2m_feb,Leandro N. Alem,66.15360837438425,7.357072590083186
rh2m_feb,Marcos Juarez,65.7809945514256,7.766399706111841
rh2m_feb,Pergamino,67.22980892670547,6.979638345299668
rh2m_feb,Ramallo,67.3934236453202,6.712536843853651
rh2m_feb,Rojas,66.77885866415532,7.305208208201826
rh2m_feb,Rosario,66.59341013824886,6.610389135263288
rh2m_feb,Salto,67.93602403343783,6.344340191336374
rh2m_feb,San Lorenzo,65.47083051108375,7.009092023493376
rh2m_feb,San Nicolas,67.10002985520228,6.818410437610955
rh2m_feb,San Pedro,67.05777709359606,6.948064741548599
rh2m_feb,Union,69.90153464166535,5.325775077157424
rh2m_feb,Villa Constitucion,67.10451485296312,6.791186000092265
rh2m_mar,Arrecifes,71.53128024193548,6.682611291691108
rh2m_mar,Baradero,72.0260899315738,6.320720101885846
rh2m_mar,Belgrano,69.5574478178368,7.9793592296981
rh2m_mar,Capitan Sarmiento,70.925889698231,6.874767467687506
rh2m_mar,Carmen De Areco,71.39531309297912,6.692068957675755
rh2m_mar,Caseros,71.2879569892473,6.760755643290147
rh2m_mar,Chacabuco,71.56956653225807,7.186949016283777
rh2m_mar,Colon,70.91658846529815,7.34168221127857
rh2m_mar,General Arenales,70.23471537001899,7.533448426379245
rh2m_mar,General Lopez,69.86831867057674,8.415749045084372
rh2m_mar,General San Martin,73.73646169354839,5.04240142003043
rh2m_mar,Iriondo,70.37032258064517,7.8121998915776185
rh2m_mar,Juarez Celman,72.82684060721063,4.910793401759472
rh2m_mar,Junin,70.31090132827325,7.526714075683418
rh2m_mar,Leandro N. Alem,70.48364055299538,7.4622781634168085
rh2m_mar,Marcos Juarez,69.85200391006842,7.798053626388181
rh2m_mar,Pergamino,71.23596285434995,7.179432517650834
rh2m_mar,Ramallo,71.55283266129032,6.468473640033699
rh2m_mar,Rojas,70.58632827324479,7.754461883948244
rh2m_mar,Rosario,70.92301768990635,6.527494966256309
rh2m_mar,Salto,71.68763440860215,6.673253140487063
rh2m_mar,San Lorenzo,69.88122983870967,6.960780493809216
rh2m_mar,San Nicolas,71.48910068426198,6.377119529802055
rh2m_mar,San Pedro,71.39831653225806,6.624233572434646
rh2m_mar,Union,73.9733402705515,4.946623811779565
rh2m_mar,Villa Constitucion,71.34236559139784,6.833553612844631
allsky_sfc_sw_dwn_sep,Arrecifes,16.464988505747126,1.144362200136504
allsky_sfc_sw_dwn_sep,Baradero,16.80951111111111,1.2608226613593168
allsky_sfc_sw_dwn_sep,Belgrano,17.332451612903228,1.2968265641154415
allsky_sfc_sw_dwn_sep,Capitan Sarmiento,17.00977380952381,1.0923141254186293
allsky_sfc_sw_dwn_sep,Carmen De Areco,16.880817204301074,1.2100654247347915
allsky_sfc_sw_dwn_sep,Caseros,17.07582222222222,1.217611885182393
allsky_sfc_sw_dwn_sep,Chacabuco,16.333459770114942,1.160100814631844
allsky_sfc_sw_dwn_sep,Colon,17.081055555555555,1.2122232482936897
allsky_sfc_sw_dwn_sep,General Arenales,16.740430107526883,1.137079065603484
allsky_sfc_sw_dwn_sep,General Lopez,16.632533333333335,1.1625777133007507
allsky_sfc_sw_dwn_sep,General San Martin,17.58851724137931,1.3027819762601527
allsky_sfc_sw_dwn_sep,Iriondo,17.332451612903228,1.2968265641154415
allsky_sfc_sw_dwn_sep,Juarez Celman,17.41794623655914,1.2875801624718048
allsky_sfc_sw_dwn_sep,Junin,16.39106451612903,1.143274298506203
allsky_sfc_sw_dwn_sep,Leandro N. Alem,16.706135416666665,1.1352871010714956
allsky_sfc_sw_dwn_sep,Marcos Juarez,17.108155555555552,1.2892926711287498
allsky_sfc_sw_dwn_sep,Pergamino,16.825033333333334,1.2460649274609554
allsky_sfc_sw_dwn_sep,Ramallo,16.857206896551723,1.255375386259795
allsky_sfc_sw_dwn_sep,Rojas,16.33563440860215,1.149910764186246
allsky_sfc_sw_dwn_sep,Rosario,16.805035714285715,1.287026462005964
allsky_sfc_sw_dwn_sep,Salto,16.433788888888888,1.1373697373380904
allsky_sfc_sw_dwn_sep,San Lorenzo,17.01883908045977,1.2960301278240773
allsky_sfc_sw_dwn_sep,San Nicolas,16.89902222222222,1.254623171383
allsky_sfc_sw_dwn_sep,San Pedro,16.73242528735632,1.2090551896253272
allsky_sfc_sw_dwn_sep,Union,17.17213095238095,1.270141255678611
allsky_sfc_sw_dwn_sep,Villa Constitucion,16.825033333333334,1.2460649274609554
allsky_sfc_sw_dwn_oct,Arrecifes,19.97340378197998,1.6238746537013253
allsky_sfc_sw_dwn_oct,Baradero,20.31909677419355,1.8312062194138654
allsky_sfc_sw_dwn_oct,Belgrano,20.713735691987512,1.6495587544719457
allsky_sfc_sw_dwn_oct,Capitan Sarmiento,20.468548387096774,1.7888886407720104
allsky_sfc_sw_dwn_oct,Carmen De Areco,20.548491155046825,1.7139092815056851
allsky_sfc_sw_dwn_oct,Caseros,20.322741935483872,1.7026459595238
allsky_sfc_sw_dwn_oct,Chacabuco,19.72773081201335,1.6926223307085506
allsky_sfc_sw_dwn_oct,Colon,20.439591397849465,1.5935982368782697
allsky_sfc_sw_dwn_oct,General Arenales,20.210884495317377,1.6762238481044704
allsky_sfc_sw_dwn_oct,General Lopez,20.079666666666665,1.7010482454012374
allsky_sfc_sw_dwn_oct,General San Martin,20.78921023359288,1.5663178793017778
allsky_sfc_sw_dwn_oct,Iriondo,20.713735691987512,1.6495587544719457
allsky_sfc_sw_dwn_oct,Juarez Celman,20.585972944849114,1.7418960108450112
allsky_sfc_sw_dwn_oct,Junin,19.8338813735692,1.6869642693167026
allsky_sfc_sw_dwn_oct,Leandro N. Alem,20.13289314516129,1.706966571494599
allsky_sfc_sw_dwn_oct,Marcos Juarez,20.4154623655914,1.6929144381202166
allsky_sfc_sw_dwn_oct,Pergamino,20.15277419354839,1.7403737934220662
allsky_sfc_sw_dwn_oct,Ramallo,20.265917686318133,1.6550881053613313
allsky_sfc_sw_dwn_oct,Rojas,19.832747138397504,1.685757810471864
allsky_sfc_sw_dwn_oct,Rosario,20.082603686635945,1.7780051051223313
allsky_sfc_sw_dwn_oct,Salto,19.86194623655914,1.7084268969184533
allsky_sfc_sw_dwn_oct,San Lorenzo,20.30932146829811,1.8283202849212992
allsky_sfc_sw_dwn_oct,San Nicolas,20.298698924731184,1.6361832812686352
allsky_sfc_sw_dwn_oct,San Pedro,20.28119021134594,1.851602209589233
allsky_sfc_sw_dwn_oct,Union,20.436255760368663,1.6956260461204755
allsky_sfc_sw_dwn_oct,Villa Constitucion,20.15277419354839,1.7403737934220662
allsky_sfc_sw_dwn_nov,Arrecifes,24.190045977011497,1.403629452764426
allsky_sfc_sw_dwn_nov,Baradero,24.515333333333334,1.468688731501102
allsky_sfc_sw_dwn_nov,Belgrano,24.791440860215054,1.3919867799156636
allsky_sfc_sw_dwn_nov,Capitan Sarmiento,24.580119047619046,1.3533408356365846
allsky_sfc_sw_dwn_nov,Carmen De Areco,24.551602150537633,1.331922329565512
allsky_sfc_sw_dwn_nov,Caseros,24.429066666666664,1.68064699136331
allsky_sfc_sw_dwn_nov,Chacabuco,24.222574712643677,1.364561386291126
allsky_sfc_sw_dwn_nov,Colon,24.53388888888889,1.6463717017526924
allsky_sfc_sw_dwn_nov,General Arenales,24.308290322580646,1.4343888871466808
allsky_sfc_sw_dwn_nov,General Lopez,24.349155555555555,1.5016771944808933
allsky_sfc_sw_dwn_nov,General San Martin,24.68906896551724,1.4391021902983503
allsky_sfc_sw_dwn_nov,Iriondo,24.791440860215054,1.3919867799156636
allsky_sfc_sw_dwn_nov,Juarez Celman,24.671365591397848,1.5352505799931084
allsky_sfc_sw_dwn_nov,Junin,24.13064516129032,1.4270981848323303
allsky_sfc_sw_dwn_nov,Leandro N. Alem,24.35498958333333,1.4355792219160015
allsky_sfc_sw_dwn_nov,Marcos Juarez,24.51833333333333,1.6388111006930572
allsky_sfc_sw_dwn_nov,Pergamino,24.318922222222223,1.5588916553037728
allsky_sfc_sw_dwn_nov,Ramallo,24.382505747126437,1.5463881923482363
allsky_sfc_sw_dwn_nov,Rojas,24.292139784946237,1.365277350127733
allsky_sfc_sw_dwn_nov,Rosario,24.238095238095237,1.5673591373679772
allsky_sfc_sw_dwn_nov,Salto,24.11021111111111,1.446874812832892
allsky_sfc_sw_dwn_nov,San Lorenzo,24.42290804597701,1.3672388027054474
allsky_sfc_sw_dwn_nov,San Nicolas,24.46478888888889,1.5849204132534176
allsky_sfc_sw_dwn_nov,San Pedro,24.45337931034483,1.4542429212484056
allsky_sfc_sw_dwn_nov,Union,24.47602380952381,1.667100948181774
allsky_sfc_sw_dwn_nov,Villa Constitucion,24.318922222222223,1.5588916553037728
allsky_sfc_sw_dwn_dic,Arrecifes,26.21285873192436,1.5755409705289194
allsky_sfc_sw_dwn_dic,Baradero,26.0567311827957,1.6476094213409391
allsky_sfc_sw_dwn_dic,Belgrano,25.76372528616025,1.8717435188819687
allsky_sfc_sw_dwn_dic,Capitan Sarmiento,26.56814516129032,1.5790029618735444
allsky_sfc_sw_dwn_dic,Carmen De Areco,26.718397502601455,1.41246493050586
allsky_sfc_sw_dwn_dic,Caseros,26.080924731182794,1.7649568028531646
allsky_sfc_sw_dwn_dic,Chacabuco,26.196907675194662,1.487108396141102
allsky_sfc_sw_dwn_dic,Colon,26.026677419354836,1.7779888300171012
allsky_sfc_sw_dwn_dic,General Arenales,26.414859521331945,1.513546214409341
allsky_sfc_sw_dwn_dic,General Lopez,26.314967741935487,1.6416176334808412
allsky_sfc_sw_dwn_dic,General San Martin,25.936206896551724,1.842252820879008
allsky_sfc_sw_dwn_dic,Iriondo,25.76372528616025,1.8717435188819687
allsky_sfc_sw_dwn_dic,Juarez Celman,26.242622268470342,1.9530316122032554
allsky_sfc_sw_dwn_dic,Junin,26.17006243496358,1.5462795500462136
allsky_sfc_sw_dwn_dic,Leandro N. Alem,26.293538306451612,1.6394899952196507
allsky_sfc_sw_dwn_dic,Marcos Juarez,26.080258064516126,1.7962271059073425
allsky_sfc_sw_dwn_dic,Pergamino,26.018043010752688,1.5998907394189106
allsky_sfc_sw_dwn_dic,Ramallo,26.01320355951057,1.6279861059585095
allsky_sfc_sw_dwn_dic,Rojas,26.247918834547345,1.4716923390729295
allsky_sfc_sw_dwn_dic,Rosario,25.875910138248848,1.5576489301652112
allsky_sfc_sw_dwn_dic,Salto,26.218645161290322,1.5484625500711007
allsky_sfc_sw_dwn_dic,San Lorenzo,25.487530589543937,1.7029402870321462
allsky_sfc_sw_dwn_dic,San Nicolas,26.01662365591398,1.5997808228663397
allsky_sfc_sw_dwn_dic,San Pedro,26.04298109010011,1.675020263850793
allsky_sfc_sw_dwn_dic,Union,26.1209331797235,1.851208489172447
allsky_sfc_sw_dwn_dic,Villa Constitucion,26.018043010752688,1.5998907394189106
allsky_sfc_sw_dwn_ene,Arrecifes,25.780709677419352,1.2710422850705652
allsky_sfc_sw_dwn_ene,Baradero,25.896108220603537,1.3538476788522797
allsky_sfc_sw_dwn_ene,Belgrano,25.70202620967742,1.3947694895577594
allsky_sfc_sw_dwn_ene,Capitan Sarmiento,26.166062291434926,1.2060669141314242
allsky_sfc_sw_dwn_ene,Carmen De Areco,26.14651209677419,1.1849109786422376
allsky_sfc_sw_dwn_ene,Caseros,25.75950052029136,1.4895479619787666
allsky_sfc_sw_dwn_ene,Chacabuco,25.845612903225806,1.2292670623162127
allsky_sfc_sw_dwn_ene,Colon,25.80862643080125,1.4950225799357704
allsky_sfc_sw_dwn_ene,General Arenales,26.051774193548386,1.5130523568138918
allsky_sfc_sw_dwn_ene,General Lopez,25.98344432882414,1.511483983385139
allsky_sfc_sw_dwn_ene,General San Martin,25.689602150537635,1.3286948384359796
allsky_sfc_sw_dwn_ene,Iriondo,25.70202620967742,1.3947694895577594
allsky_sfc_sw_dwn_ene,Juarez Celman,26.064667338709675,1.5992967681533627
allsky_sfc_sw_dwn_ene,Junin,25.771088709677418,1.2482250719659143
allsky_sfc_sw_dwn_ene,Leandro N. Alem,26.024750733137832,1.497292482031385
allsky_sfc_sw_dwn_ene,Marcos Juarez,25.898074921956297,1.4215389731780514
allsky_sfc_sw_dwn_ene,Pergamino,25.66245577523413,1.2880077668532492
allsky_sfc_sw_dwn_ene,Ramallo,25.66235483870968,1.3100264639235288
allsky_sfc_sw_dwn_ene,Rojas,25.873770161290324,1.206932389965501
allsky_sfc_sw_dwn_ene,Rosario,25.73610678531702,1.285775209777182
allsky_sfc_sw_dwn_ene,Salto,25.748709677419356,1.2623156792536046
allsky_sfc_sw_dwn_ene,San Lorenzo,25.385462365591398,1.3691969429697817
allsky_sfc_sw_dwn_ene,San Nicolas,25.693683662851196,1.2997653801842275
allsky_sfc_sw_dwn_ene,San Pedro,25.83527956989247,1.3332096365020438
allsky_sfc_sw_dwn_ene,Union,25.863192436040045,1.449205680294156
allsky_sfc_sw_dwn_ene,Villa Constitucion,25.66245577523413,1.2880077668532492
allsky_sfc_sw_dwn_feb,Arrecifes,22.4713329228243,1.9755262076321234
allsky_sfc_sw_dwn_feb,Baradero,22.201319323057366,1.930666612710253
allsky_sfc_sw_dwn_feb,Belgrano,22.23372306034483,1.7498363301408675
allsky_sfc_sw_dwn_feb,Capitan Sarmiento,22.935062001019194,2.0137561710266842
allsky_sfc_sw_dwn_feb,Carmen De Areco,22.960943657635468,1.9488000609742682
allsky_sfc_sw_dwn_feb,Caseros,22.350505720641983,1.726224764798308
allsky_sfc_sw_dwn_feb,Chacabuco,22.482387110016422,1.9844590628636156
allsky_sfc_sw_dwn_feb,Colon,22.40035595105673,1.7671885740248703
allsky_sfc_sw_dwn_feb,General Arenales,22.77612338362069,1.958689249043948
allsky_sfc_sw_dwn_feb,General Lopez,22.76390195455268,2.0139063297649744
allsky_sfc_sw_dwn_feb,General San Martin,22.237038998357963,1.7974787321944516
allsky_sfc_sw_dwn_feb,Iriondo,22.23372306034483,1.7498363301408675
allsky_sfc_sw_dwn_feb,Juarez Celman,22.61096597906404,1.8369453517427234
allsky_sfc_sw_dwn_feb,Junin,22.556975061576356,1.9417468278959098
allsky_sfc_sw_dwn_feb,Leandro N. Alem,22.774736154649947,1.9278582917221911
allsky_sfc_sw_dwn_feb,Marcos Juarez,22.45727554425552,1.7559617835870263
allsky_sfc_sw_dwn_feb,Pergamino,22.262521849674243,1.912449568648099
allsky_sfc_sw_dwn_feb,Ramallo,22.235772577996716,1.9392361070780382
allsky_sfc_sw_dwn_feb,Rojas,22.62563577586207,2.0177626896594334
allsky_sfc_sw_dwn_feb,Rosario,22.26463945982674,1.976996654372435
allsky_sfc_sw_dwn_feb,Salto,22.505783012871444,1.9517696432482126
allsky_sfc_sw_dwn_feb,San Lorenzo,21.779696633825946,1.7742562179150734
allsky_sfc_sw_dwn_feb,San Nicolas,22.26609327824567,1.9141007846505562
allsky_sfc_sw_dwn_feb,San Pedro,22.171375205254513,1.956336498851351
allsky_sfc_sw_dwn_feb,Union,22.349760064549006,1.7625933546203636
allsky_sfc_sw_dwn_feb,Villa Constitucion,22.262521849674243,1.912449568648099
allsky_sfc_sw_dwn_mar,Arrecifes,18.500978494623656,1.3749959782125583
allsky_sfc_sw_dwn_mar,Baradero,18.727721123829344,1.5548467383353237
allsky_sfc_sw_dwn_mar,Belgrano,18.926754032258064,1.624037084406937
allsky_sfc_sw_dwn_mar,Capitan Sarmiento,19.136484983314794,1.441529023797932
allsky_sfc_sw_dwn_mar,Carmen De Areco,19.0975,1.4014475126611714
allsky_sfc_sw_dwn_mar,Caseros,18.77047866805411,1.4177430752707267
allsky_sfc_sw_dwn_mar,Chacabuco,18.49089247311828,1.3528669366106174
allsky_sfc_sw_dwn_mar,Colon,18.783777315296565,1.4291376431287577
allsky_sfc_sw_dwn_mar,General Arenales,18.597923387096774,1.3158228126592084
allsky_sfc_sw_dwn_mar,General Lopez,18.635941727367328,1.4012381616021974
allsky_sfc_sw_dwn_mar,General San Martin,18.6454623655914,1.5039736664926253
allsky_sfc_sw_dwn_mar,Iriondo,18.926754032258064,1.624037084406937
allsky_sfc_sw_dwn_mar,Juarez Celman,18.70828629032258,1.4689023472832081
allsky_sfc_sw_dwn_mar,Junin,18.55757056451613,1.3524894651136588
allsky_sfc_sw_dwn_mar,Leandro N. Alem,18.61163245356794,1.297492087686056
allsky_sfc_sw_dwn_mar,Marcos Juarez,18.82829344432882,1.484891155130385
allsky_sfc_sw_dwn_mar,Pergamino,18.62511966701353,1.491006829240474
allsky_sfc_sw_dwn_mar,Ramallo,18.606838709677422,1.5129582928614185
allsky_sfc_sw_dwn_mar,Rojas,18.641612903225806,1.4417990586513227
allsky_sfc_sw_dwn_mar,Rosario,18.562958843159066,1.500391109184052
allsky_sfc_sw_dwn_mar,Salto,18.543506763787722,1.3724655694958297
allsky_sfc_sw_dwn_mar,San Lorenzo,18.587913978494623,1.5694504410170211
allsky_sfc_sw_dwn_mar,San Nicolas,18.618876170655568,1.489037703981226
allsky_sfc_sw_dwn_mar,San Pedro,18.73379569892473,1.5810530532784433
allsky_sfc_sw_dwn_mar,Union,18.676996662958842,1.399791124874246
allsky_sfc_sw_dwn_mar,Villa Constitucion,18.62511966701353,1.491006829240474
chirps_precip_sep,Arrecifes,2.1687970167646804,0.9083171280240036
chirps_precip_sep,Baradero,2.5267226987414886,1.1294509004454065
chirps_precip_sep,Belgrano,1.5572747656527688,1.006790461168826
chirps_precip_sep,Capitan Sarmiento,2.15555431342894,1.0549571618441735
chirps_precip_sep,Carmen De Areco,2.2975429990712333,1.1488041815359602
chirps_precip_sep,Caseros,1.6733531789045142,1.1030216849058276
chirps_precip_sep,Chacabuco,1.981500115369757,1.0214748708992338
chirps_precip_sep,Colon,1.740901198170402,0.9296413083335325
chirps_precip_sep,General Arenales,1.6633908634676653,0.9613185197358542
chirps_precip_sep,General Lopez,1.724360996183723,0.996992761105769
chirps_precip_sep,General San Martin,1.4406860681871574,1.0095916036001171
chirps_precip_sep,Iriondo,1.731887678392962,1.075925140570257
chirps_precip_sep,Juarez Celman,1.405367784990984,0.9252787009322644
chirps_precip_sep,Junin,1.6904988941608692,0.9448168848687731
chirps_precip_sep,Leandro N. Alem,1.6329524954160053,0.9501777367524357
chirps_precip_sep,Marcos Juarez,1.7130192214190356,1.1230837147402606
chirps_precip_sep,Pergamino,1.921062954327073,0.9075521379795211
chirps_precip_sep,Ramallo,2.106154037763675,1.0312732519775971
chirps_precip_sep,Rojas,1.9307117921464585,0.9901463638556777
chirps_precip_sep,Rosario,1.9294881915533413,1.2057485040615055
chirps_precip_sep,Salto,2.1305488547893483,0.985017073154332
chirps_precip_sep,San Lorenzo,1.9462687730789185,1.1899974133258233
chirps_precip_sep,San Nicolas,2.038394956516497,1.0936003074151317
chirps_precip_sep,San Pedro,2.40203946121037,1.1044541438546778
chirps_precip_sep,Union,1.5866709247712167,0.8926459711807162
chirps_precip_sep,Villa Constitucion,1.8477060369770937,0.8965658697653129
chirps_precip_oct,Arrecifes,4.04157905448829,1.7822761525141209
chirps_precip_oct,Baradero,3.6825832687864555,1.6700801609080387
chirps_precip_oct,Belgrano,3.6377031418585006,1.4988854858237257
chirps_precip_oct,Capitan Sarmiento,3.9780449752504943,1.8339082631677723
chirps_precip_oct,Carmen De Areco,4.208948432918518,1.743480487868073
chirps_precip_oct,Caseros,3.7674850790032193,1.5033228357301267
chirps_precip_oct,Chacabuco,4.114878440576215,1.7603142878808808
chirps_precip_oct,Colon,3.733870988717177,1.677349026194245
chirps_precip_oct,General Arenales,3.8534010239298926,1.7719797293540804
chirps_precip_oct,General Lopez,3.4578299021324685,1.6088821670075781
chirps_precip_oct,General San Martin,3.092548881086611,1.2002618300054424
chirps_precip_oct,Iriondo,3.847926934824044,1.6584606650381624
chirps_precip_oct,Juarez Celman,2.978717956190091,1.4328128064185128
chirps_precip_oct,Junin,4.207113251796936,1.8050122732074318
chirps_precip_oct,Leandro N. Alem,3.5840222119186333,1.5507687129055854
chirps_precip_oct,Marcos Juarez,3.2384303607782194,1.417719314038151
chirps_precip_oct,Pergamino,4.498788449887773,2.062073709028953
chirps_precip_oct,Ramallo,3.900385389885595,1.7799750451252236
chirps_precip_oct,Rojas,4.1929534586602415,1.728691296526588
chirps_precip_oct,Rosario,3.7669882084650994,1.543390644471846
chirps_precip_oct,Salto,4.191729605605758,1.7783497616808444
chirps_precip_oct,San Lorenzo,3.671027936221611,1.5525087551997852
chirps_precip_oct,San Nicolas,3.8889069773934106,1.7726370557856486
chirps_precip_oct,San Pedro,3.6693623062343366,1.676649932089203
chirps_precip_oct,Union,3.2642232718316375,1.367446977671174
chirps_precip_oct,Villa Constitucion,4.226070068099282,1.8550438625387302
chirps_precip_nov,Arrecifes,3.504368751992782,1.3832973144422942
chirps_precip_nov,Baradero,3.25599245447101,1.3637171737710132
chirps_precip_nov,Belgrano,3.608876999219259,1.2848597474936558
chirps_precip_nov,Capitan Sarmiento,3.676240849494934,1.6356445408867613
chirps_precip_nov,Carmen De Areco,3.7761739670061596,1.6149445002411182
chirps_precip_nov,Caseros,3.5311067389719413,1.4138580132912988
chirps_precip_nov,Chacabuco,3.871351306885481,1.476424541120388
chirps_precip_nov,Colon,3.4862539048146717,1.252301511503407
chirps_precip_nov,General Arenales,3.540941572423075,1.1391144464381582
chirps_precip_nov,General Lopez,3.555744283608716,1.2625425885667445
chirps_precip_nov,General San Martin,3.580825686827302,1.4384132241023562
chirps_precip_nov,Iriondo,3.601004722539116,1.4413537966582421
chirps_precip_nov,Juarez Celman,3.4795514165186416,1.5020871856841875
chirps_precip_nov,Junin,3.9186366618848316,1.4272563492603525
chirps_precip_nov,Leandro N. Alem,3.478471203758603,1.16454375183422
chirps_precip_nov,Marcos Juarez,3.4078516472469675,1.2678440271265718
chirps_precip_nov,Pergamino,3.4640994351319594,1.303115616996213
chirps_precip_nov,Ramallo,3.33134638008972,1.2045664638590965
chirps_precip_nov,Rojas,3.590849481318511,1.4923072064195007
chirps_precip_nov,Rosario,3.4881530145804085,1.5271416730153218
chirps_precip_nov,Salto,3.7078628373868536,1.4657919538647697
chirps_precip_nov,San Lorenzo,3.5355194094901283,1.5197748324551688
chirps_precip_nov,San Nicolas,3.2558557566970285,1.3288999487025177
chirps_precip_nov,San Pedro,3.270386819789807,1.353418270032428
chirps_precip_nov,Union,3.584071142442765,1.4798244377265637
chirps_precip_nov,Villa Constitucion,3.5775319124713088,1.3554807484611768
chirps_precip_dic,Arrecifes,3.3219410397052282,1.8569546327064825
chirps_precip_dic,Baradero,3.232686462115682,1.8986741865071408
chirps_precip_dic,Belgrano,4.1186725512514535,2.093763303635781
chirps_precip_dic,Capitan Sarmiento,3.450451968673861,1.927887927124796
chirps_precip_dic,Carmen De Areco,3.2545476903046784,1.7277575998679908
chirps_precip_dic,Caseros,3.937096355947231,1.9950619491692712
chirps_precip_dic,Chacabuco,3.4748243082675243,1.9407949813248715
chirps_precip_dic,Colon,3.5519380045659616,1.670961241834544
chirps_precip_dic,General Arenales,3.3243643427709473,1.5396830206801275
chirps_precip_dic,General Lopez,3.480176006594012,1.5437385425481602
chirps_precip_dic,General San Martin,3.990729368141582,1.649587286899354
chirps_precip_dic,Iriondo,3.600580741518815,1.853526919440133
chirps_precip_dic,Juarez Celman,3.995918444483285,1.471431054935239
chirps_precip_dic,Junin,3.5612723410581957,1.7304047057070222
chirps_precip_dic,Leandro N. Alem,3.4194903448430076,1.6291961910891493
chirps_precip_dic,Marcos Juarez,4.309376456812097,1.9362059326383096
chirps_precip_dic,Pergamino,3.406494875807217,1.8740801416650863
chirps_precip_dic,Ramallo,3.5044956351480177,1.8721146833669482
chirps_precip_dic,Rojas,3.3929198979200406,1.7601388873233685
chirps_precip_dic,Rosario,4.2945286599952155,2.155599132070958
chirps_precip_dic,Salto,3.3027492503208618,1.8374419508537625
chirps_precip_dic,San Lorenzo,4.295500090766337,2.2128365336510725
chirps_precip_dic,San Nicolas,3.5809066739599724,1.9602675323360468
chirps_precip_dic,San Pedro,3.255033206495066,1.8340424696598236
chirps_precip_dic,Union,3.966236820578203,1.5781958631528754
chirps_precip_dic,Villa Constitucion,3.5272106848737246,1.8925986482032193
chirps_precip_ene,Arrecifes,3.9616382552250737,1.3440136299670384
chirps_precip_ene,Baradero,4.4363017979488575,1.8686326009232237
chirps_precip_ene,Belgrano,3.645707874868129,1.4948174887313999
chirps_precip_ene,Capitan Sarmiento,3.9172841319184397,1.5117157364773577
chirps_precip_ene,Carmen De Areco,3.8820918986195627,1.412532998040063
chirps_precip_ene,Caseros,3.5896464495365223,1.3823667219744074
chirps_precip_ene,Chacabuco,3.8881763546697554,1.3396380386291746
chirps_precip_ene,Colon,3.926495969237237,1.2219355404172527
chirps_precip_ene,General Arenales,3.9841692583384507,1.2229671093448389
chirps_precip_ene,General Lopez,3.7741852146905654,1.223717993335982
chirps_precip_ene,General San Martin,4.0003207893140855,1.0848304827687822
chirps_precip_ene,Iriondo,3.7525872473924844,1.4896258372829452
chirps_precip_ene,Juarez Celman,3.824152329954296,1.3011501875661284
chirps_precip_ene,Junin,4.459473626324076,1.477648584673853
chirps_precip_ene,Leandro N. Alem,3.8588500690899683,1.207908011587248
chirps_precip_ene,Marcos Juarez,3.5982471104358065,1.2197629927283993
chirps_precip_ene,Pergamino,3.841551830342089,1.342084805230231
chirps_precip_ene,Ramallo,4.164582779210422,1.7771850882289284
chirps_precip_ene,Rojas,3.7861669167621765,1.3258669231631222
chirps_precip_ene,Rosario,3.613521267546575,1.5682592153092012
chirps_precip_ene,Salto,3.8704454651792495,1.291853633240957
chirps_precip_ene,San Lorenzo,3.7708194558058055,1.5408336051280198
chirps_precip_ene,San Nicolas,3.9766499609308625,1.7520673969657041
chirps_precip_ene,San Pedro,4.527931879124334,1.8403523885461905
chirps_precip_ene,Union,3.870910632126537,1.0575323387230855
chirps_precip_ene,Villa Constitucion,3.9745855485239336,1.4333089038796973
chirps_precip_feb,Arrecifes,4.508807201415594,2.487322452959336
chirps_precip_feb,Baradero,4.821180533537101,2.4801134971081726
chirps_precip_feb,Belgrano,4.077395839730542,2.071836841728105
chirps_precip_feb,Capitan Sarmiento,4.202283479314757,2.341476196848986
chirps_precip_feb,Carmen De Areco,3.936286194195474,2.4402994910487865
chirps_precip_feb,Caseros,4.286440312292953,2.240445188427793
chirps_precip_feb,Chacabuco,4.163604102574582,2.455778031119717
chirps_precip_feb,Colon,4.294851555746337,2.502641653316299
chirps_precip_feb,General Arenales,4.0457823499627,2.392509474149904
chirps_precip_feb,General Lopez,3.94420698798936,2.4571727093864033
chirps_precip_feb,General San Martin,3.8847235862780454,1.9660168633626385
chirps_precip_feb,Iriondo,3.982932040826786,2.077780258422914
chirps_precip_feb,Juarez Celman,3.784303303811212,1.7404169724627006
chirps_precip_feb,Junin,4.190175017889808,2.5090862675797005
chirps_precip_feb,Leandro N. Alem,4.024108896961857,2.3545995670445614
chirps_precip_feb,Marcos Juarez,4.112178730624774,2.067987526417881
chirps_precip_feb,Pergamino,4.816245360309677,2.73604193893597
chirps_precip_feb,Ramallo,4.540260172215075,2.59373141828341
chirps_precip_feb,Rojas,4.374526236358499,2.5140098549401344
chirps_precip_feb,Rosario,4.587561402774741,2.6535487564474436
chirps_precip_feb,Salto,4.214330319358014,2.5062866614448267
chirps_precip_feb,San Lorenzo,4.313854398522434,2.614307372450949
chirps_precip_feb,San Nicolas,4.3146138110655885,2.5922661222288976
chirps_precip_feb,San Pedro,4.887772914260773,2.6062550363977772
chirps_precip_feb,Union,3.997184054240236,2.1676005065167363
chirps_precip_feb,Villa Constitucion,4.640006430514945,2.602315875345368
chirps_precip_mar,Arrecifes,4.085219892522981,2.3393505814221287
chirps_precip_mar,Baradero,3.8783799887635726,2.5158410070085546
chirps_precip_mar,Belgrano,3.9376719189097353,2.1232835154416363
chirps_precip_mar,Capitan Sarmiento,4.126713532190789,2.6650867503124824
chirps_precip_mar,Carmen De Areco,4.0965713873307665,2.4073930758813242
chirps_precip_mar,Caseros,4.081227818425683,2.134882067777923
chirps_precip_mar,Chacabuco,4.381742425983952,2.8275346902523153
chirps_precip_mar,Colon,4.035253350219652,2.0504189136605553
chirps_precip_mar,General Arenales,4.107325524501714,2.213758057713807
chirps_precip_mar,General Lopez,3.649252894104168,2.056071426107608
chirps_precip_mar,General San Martin,3.983223478159597,1.6431090182798331
chirps_precip_mar,Iriondo,4.091246162804526,2.341952800978572
chirps_precip_mar,Juarez Celman,3.9576400543299752,1.3955203449169749
chirps_precip_mar,Junin,4.911143319585857,3.0492559725686883
chirps_precip_mar,Leandro N. Alem,3.986895387678102,2.012478793232687
chirps_precip_mar,Marcos Juarez,3.9603649499013156,1.909083060557336
chirps_precip_mar,Pergamino,4.4012764327570375,2.130291402407524
chirps_precip_mar,Ramallo,4.063665093313301,2.4934334970264596
chirps_precip_mar,Rojas,4.439397794471972,2.2772381838657085
chirps_precip_mar,Rosario,4.565290254869272,2.7061819090796493
chirps_precip_mar,Salto,4.143226805320583,2.207066368483132
chirps_precip_mar,San Lorenzo,4.450674026363319,2.8404883457448222
chirps_precip_mar,San Nicolas,4.05990996493622,2.362640855450241
chirps_precip_mar,San Pedro,3.8899378468913417,2.3764568940357167
chirps_precip_mar,Union,4.150983736492717,1.5169780420797732
chirps_precip_mar,Villa Constitucion,4.124818281693892,2.468208556683064
oni_mean_octfeb,Arrecifes,0.13956249999999998,1.1045111876797253
oni_mean_octfeb,Baradero,0.08533333333333334,1.1308705348830461
oni_mean_octfeb,Belgrano,0.01711764705882351,0.9983522413762401
oni_mean_octfeb,Capitan Sarmiento,0.10683870967741935,1.1134411254237675
oni_mean_octfeb,Carmen De Areco,0.03141176470588234,1.0932383398583245
oni_mean_octfeb,Caseros,0.1373333333333333,1.0871916421067018
oni_mean_octfeb,Chacabuco,0.15831249999999997,1.0923223096805292
oni_mean_octfeb,Colon,0.12199999999999997,1.0917876396076298
oni_mean_octfeb,General Arenales,0.03141176470588234,1.0932383398583245
oni_mean_octfeb,General Lopez,0.1427272727272727,1.0822120654222325
oni_mean_octfeb,General San Martin,0.11912499999999998,1.0910203495928967
oni_mean_octfeb,Iriondo,0.01711764705882351,0.9983522413762401
oni_mean_octfeb,Juarez Celman,0.08476470588235295,1.1136092579188799
oni_mean_octfeb,Junin,0.12035294117647055,1.0751610417035895
oni_mean_octfeb,Leandro N. Alem,0.06977142857142857,1.1006903471622411
oni_mean_octfeb,Marcos Juarez,0.14775757575757573,1.0780175969778691
oni_mean_octfeb,Pergamino,0.1373333333333333,1.0871916421067018
oni_mean_octfeb,Ramallo,0.13956249999999998,1.1045111876797253
oni_mean_octfeb,Rojas,0.10011764705882352,1.084971491448002
oni_mean_octfeb,Rosario,0.19729032258064516,1.0947147632617484
oni_mean_octfeb,Salto,0.1373333333333333,1.0871916421067018
oni_mean_octfeb,San Lorenzo,0.20312499999999997,1.0512462573290746
oni_mean_octfeb,San Nicolas,0.08533333333333334,1.1308705348830461
oni_mean_octfeb,San Pedro,0.13956249999999998,1.1045111876797253
oni_mean_octfeb,Union,0.1520645161290322,1.0927603560245607
oni_mean_octfeb,Villa Constitucion,0.1373333333333333,1.0871916421067018
SPI_3_feb,Arrecifes,0.1573195828135541,0.9608065856791317
SPI_3_feb,Baradero,0.1039942977869857,0.9841103348656388
SPI_3_feb,Belgrano,0.08324449873362592,0.9765144094983241
SPI_3_feb,Capitan Sarmiento,0.10129972268985152,0.9928544298986315
SPI_3_feb,Carmen De Areco,0.1179483528064616,0.9715522198952764
SPI_3_feb,Caseros,0.19221140221164013,0.9087233526319045
SPI_3_feb,Chacabuco,0.1970034281188715,0.9326578575885545
SPI_3_feb,Colon,0.16332819267603102,0.9223854262752814
SPI_3_feb,General Arenales,0.13373853446099732,0.9554586288416639
SPI_3_feb,General Lopez,0.15831765439472276,0.9524208030476334
SPI_3_feb,General San Martin,0.1521035578753088,0.9429520990210551
SPI_3_feb,Iriondo,0.104364033725385,0.954924892646796
SPI_3_feb,Juarez Celman,0.1321218972764056,0.9576326372388744
SPI_3_feb,Junin,0.16700217113105745,0.9151102774444497
SPI_3_feb,Leandro N. Alem,0.11719351329754217,0.9474513447812047
SPI_3_feb,Marcos Juarez,0.16271284630560562,0.9338300080697736
SPI_3_feb,Pergamino,0.1633180357091285,0.9322398292890838
SPI_3_feb,Ramallo,0.16871245355678655,0.944520248499434
SPI_3_feb,Rojas,0.11533669885863779,0.9496298975284645
SPI_3_feb,Rosario,0.25381099205132535,0.9089154503686935
SPI_3_feb,Salto,0.13965260432541335,0.9675835810751555
SPI_3_feb,San Lorenzo,0.1941014204491418,0.9399637254421166
SPI_3_feb,San Nicolas,0.132307221323249,0.9763211209657043
SPI_3_feb,San Pedro,0.15827813871511323,0.9509912664169338
SPI_3_feb,Union,0.20362063407008413,0.9254537206073247
SPI_3_feb,Villa Constitucion,0.16471251085465155,0.921435905175229
SPI_6_feb,Arrecifes,0.19220766037169046,0.8828966814489694
SPI_6_feb,Baradero,0.1376588388555111,0.927542983609107
SPI_6_feb,Belgrano,0.10468090232592765,0.9089071957930877
SPI_6_feb,Capitan Sarmiento,0.1231187606539485,0.9385916941149194
SPI_6_feb,Carmen De Areco,0.1149677336594644,0.9237905491684948
SPI_6_feb,Caseros,0.22040104236738947,0.8526183934385633
SPI_6_feb,Chacabuco,0.21557732559285558,0.8497186422053656
SPI_6_feb,Colon,0.17337113855911823,0.8700005941670721
SPI_6_feb,General Arenales,0.12332915396712002,0.9201470136375967
SPI_6_feb,General Lopez,0.22245870358994146,0.8343711443156216
SPI_6_feb,General San Martin,0.1942216252063196,0.8602446160766576
SPI_6_feb,Iriondo,0.1212657595912176,0.8729928374827634
SPI_6_feb,Juarez Celman,0.1595869292219986,0.8896395279280277
SPI_6_feb,Junin,0.1717197382760505,0.8707946630052129
SPI_6_feb,Leandro N. Alem,0.12963611868297373,0.8990397543410883
SPI_6_feb,Marcos Juarez,0.19199590934611924,0.868927871201708
SPI_6_feb,Pergamino,0.19106290440224347,0.8856687744313881
SPI_6_feb,Ramallo,0.19779346682969742,0.886737848457361
SPI_6_feb,Rojas,0.15663137694614734,0.8624275879411856
SPI_6_feb,Rosario,0.28682566382873675,0.8380938281008063
SPI_6_feb,Salto,0.17725996806964084,0.8957597390528317
SPI_6_feb,San Lorenzo,0.22340753784762887,0.8903050323178427
SPI_6_feb,San Nicolas,0.16418011913142064,0.9160279077072475
SPI_6_feb,San Pedro,0.1993428651945977,0.8757858829682169
SPI_6_feb,Union,0.23401921298809092,0.8517611236640871
SPI_6_feb,Villa Constitucion,0.18996618515444952,0.8634622083564538
dias_secos_consec_dic,Arrecifes,9.375,4.591366371930073
dias_secos_consec_dic,Baradero,9.454545454545455,4.6036053065159495
dias_secos_consec_dic,Belgrano,9.088235294117647,4.601499406872052
dias_secos_consec_dic,Capitan Sarmiento,8.838709677419354,3.890987656911361
dias_secos_consec_dic,Carmen De Areco,8.529411764705882,3.1356725064547453
dias_secos_consec_dic,Caseros,9.0,4.873397172404482
dias_secos_consec_dic,Chacabuco,9.65625,4.604411454106776
dias_secos_consec_dic,Colon,8.212121212121213,3.3889302862184234
dias_secos_consec_dic,General Arenales,8.558823529411764,3.3682220511860934
dias_secos_consec_dic,General Lopez,8.272727272727273,5.051439938724943
dias_secos_consec_dic,General San Martin,8.09375,3.604292915310136
dias_secos_consec_dic,Iriondo,9.382352941176471,5.146429806229329
dias_secos_consec_dic,Juarez Celman,7.911764705882353,3.458565537809373
dias_secos_consec_dic,Junin,8.529411764705882,3.2120539460888065
dias_secos_consec_dic,Leandro N. Alem,8.428571428571429,3.5668878697865245
dias_secos_consec_dic,Marcos Juarez,8.545454545454545,3.86564119108096
dias_secos_consec_dic,Pergamino,8.545454545454545,3.6919753274069715
dias_secos_consec_dic,Ramallo,9.4375,4.696858936669031
dias_secos_consec_dic,Rojas,8.529411764705882,3.258883375577435
dias_secos_consec_dic,Rosario,8.225806451612904,3.593602439700816
dias_secos_consec_dic,Salto,8.818181818181818,3.9800639556304986
dias_secos_consec_dic,San Lorenzo,8.71875,3.6299326839932697
dias_secos_consec_dic,San Nicolas,9.454545454545455,4.301823080762599
dias_secos_consec_dic,San Pedro,9.625,5.185276923578291
dias_secos_consec_dic,Union,8.290322580645162,5.060919207595242
dias_secos_consec_dic,Villa Constitucion,9.0,4.422951503238533
dias_secos_consec_ene,Arrecifes,11.40625,5.678819589975003
dias_secos_consec_ene,Baradero,12.878787878787879,6.34801925681141
dias_secos_consec_ene,Belgrano,11.941176470588236,5.0986699184798585
dias_secos_consec_ene,Capitan Sarmiento,11.741935483870968,5.421978371624659
dias_secos_consec_ene,Carmen De Areco,11.323529411764707,5.813884052149303
dias_secos_consec_ene,Caseros,11.151515151515152,5.0628624075295345
dias_secos_consec_ene,Chacabuco,10.21875,4.949645637364747
dias_secos_consec_ene,Colon,10.393939393939394,5.189769948775391
dias_secos_consec_ene,General Arenales,10.411764705882353,5.309326539834912
dias_secos_consec_ene,General Lopez,9.484848484848484,4.809633640681561
dias_secos_consec_ene,General San Martin,9.9375,4.858896064719016
dias_secos_consec_ene,Iriondo,11.205882352941176,3.921807033751428
dias_secos_consec_ene,Juarez Celman,9.205882352941176,3.707318002764065
dias_secos_consec_ene,Junin,10.735294117647058,5.142271774399183
dias_secos_consec_ene,Leandro N. Alem,9.771428571428572,5.439970340996756
dias_secos_consec_ene,Marcos Juarez,10.242424242424242,3.391444226195374
dias_secos_consec_ene,Pergamino,11.606060606060606,6.138706062454215
dias_secos_consec_ene,Ramallo,11.78125,5.487430652071178
dias_secos_consec_ene,Rojas,10.588235294117647,5.9141209908552055
dias_secos_consec_ene,Rosario,11.483870967741936,5.542989372423124
dias_secos_consec_ene,Salto,10.424242424242424,5.362079255232427
dias_secos_consec_ene,San Lorenzo,11.59375,5.918038989722099
dias_secos_consec_ene,San Nicolas,12.333333333333334,6.3966136874651625
dias_secos_consec_ene,San Pedro,12.625,6.597898003494456
dias_secos_consec_ene,Union,9.870967741935484,4.447785482565984
dias_secos_consec_ene,Villa Constitucion,11.242424242424242,5.196334663913972
precip_quincenal_critica,Arrecifes,57.08996481448412,35.66425883140129
precip_quincenal_critica,Baradero,63.732420921325684,44.42631689922376
precip_quincenal_critica,Belgrano,56.680281344582056,41.0655724664074
precip_quincenal_critica,Capitan Sarmiento,56.434475060432185,35.284171444749944
precip_quincenal_critica,Carmen De Areco,54.464230944128595,34.3579725376502
precip_quincenal_critica,Caseros,56.3239931193265,36.8495833596593
precip_quincenal_critica,Chacabuco,57.97714977711439,35.081001354903
precip_quincenal_critica,Colon,63.44125502037279,38.42109294399471
precip_quincenal_critica,General Arenales,61.94727001120062,38.200436789668586
precip_quincenal_critica,General Lopez,58.85925939588836,34.540818354702765
precip_quincenal_critica,General San Martin,68.10199069231749,32.454238069606596
precip_quincenal_critica,Iriondo,55.450536482474384,39.04394300271863
precip_quincenal_critica,Juarez Celman,61.159893958007586,33.172701946605585
precip_quincenal_critica,Junin,69.3178260045893,39.80889207266764
precip_quincenal_critica,Leandro N. Alem,61.081795992170065,36.83915841493559
precip_quincenal_critica,Marcos Juarez,56.48692852078062,35.138131777245235
precip_quincenal_critica,Pergamino,57.25693988800049,36.873372934403065
precip_quincenal_critica,Ramallo,61.74582156166434,44.57333909337551
precip_quincenal_critica,Rojas,59.035873265827405,35.31967943621026
precip_quincenal_critica,Rosario,54.51967809277196,42.20848828181708
precip_quincenal_critica,Salto,53.82069028507579,33.70095734120927
precip_quincenal_critica,San Lorenzo,56.47773159109056,39.81284644355013
precip_quincenal_critica,San Nicolas,59.744105758089006,44.25151252784304
precip_quincenal_critica,San Pedro,67.106216609478,46.12839311260797
precip_quincenal_critica,Union,62.679180937428626,33.407192882476735
precip_quincenal_critica,Villa Constitucion,59.65120763489694,39.58407153742335
